symboling,normalized-losses,make,fuel-type,aspiration,num-of-doors,body-style,drive-wheels,engine-location,wheel-base,length,width,height,curb-weight,engine-type,num-of-cylinders,engine-size,fuel-system,bore,stroke,compression-ratio,horsepower,peak-rpm,city-mpg,highway-mpg,price,power_to_weight,make_price_ratio,horsepower_binned,price_binned
3,122.0,alfa-romero,gas,std,two,convertible,rwd,front,88.6,168.8,64.1,48.8,2548,dohc,four,130,mpfi,3.47,2.68,9.0,111.0,5000.0,21,27,13495.0,0.04356357927786499,0.8707387891171093,potencia media,gama media
3,122.0,alfa-romero,gas,std,two,convertible,rwd,front,88.6,168.8,64.1,48.8,2548,dohc,four,130,mpfi,3.47,2.68,9.0,111.0,5000.0,21,27,16500.0,0.04356357927786499,1.0646306054414452,potencia media,gama media
1,122.0,alfa-romero,gas,std,two,hatchback,rwd,front,94.5,171.2,65.5,52.4,2823,ohcv,six,152,mpfi,2.68,3.47,9.0,154.0,5000.0,19,26,16500.0,0.05455189514700673,1.0646306054414452,potencia alta,gama media
2,164.0,audi,gas,std,four,sedan,fwd,front,99.8,176.6,66.2,54.3,2337,ohc,four,109,mpfi,3.19,3.4,10.0,102.0,5500.0,24,30,13950.0,0.043645699614890884,0.81130169431199,potencia media,gama media
2,164.0,audi,gas,std,four,sedan,4wd,front,99.4,176.6,66.4,54.3,2824,ohc,five,136,mpfi,3.19,3.4,8.0,115.0,5500.0,18,22,17450.0,0.04072237960339943,1.014854090734353,potencia media,gama media
2,122.0,audi,gas,std,two,sedan,fwd,front,99.8,177.3,66.3,53.1,2507,ohc,five,136,mpfi,3.19,3.4,8.5,110.0,5500.0,19,25,15250.0,0.043877143996808934,0.8869068701260105,potencia media,gama media
1,158.0,audi,gas,std,four,sedan,fwd,front,105.8,192.7,71.4,55.7,2844,ohc,five,136,mpfi,3.19,3.4,8.5,110.0,5500.0,19,25,17710.0,0.03867791842475387,1.0299751258971572,potencia media,gama media
1,122.0,audi,gas,std,four,wagon,fwd,front,105.8,192.7,71.4,55.7,2954,ohc,five,136,mpfi,3.19,3.4,8.5,110.0,5500.0,19,25,18920.0,0.037237643872714964,1.1003460972317456,potencia media,gama media
1,158.0,audi,gas,turbo,four,sedan,fwd,front,105.8,192.7,71.4,55.9,3086,ohc,five,131,mpfi,3.13,3.4,8.3,140.0,5500.0,17,20,23875.0,0.04536616979909268,1.3885181327382625,potencia media,gama media
0,122.0,audi,gas,turbo,two,hatchback,4wd,front,99.5,178.2,67.9,52.0,3053,ohc,five,131,mpfi,3.13,3.4,7.0,160.0,5500.0,16,22,13207.13,0.05240746806419915,0.7680979889604811,potencia alta,gama media
2,192.0,bmw,gas,std,two,sedan,rwd,front,101.2,176.8,64.8,54.3,2395,ohc,four,108,mpfi,3.5,2.8,8.8,101.0,5800.0,23,29,16430.0,0.042171189979123176,0.6290500119645849,potencia media,gama media
0,192.0,bmw,gas,std,four,sedan,rwd,front,101.2,176.8,64.8,54.3,2395,ohc,four,108,mpfi,3.5,2.8,8.8,101.0,5800.0,23,29,16925.0,0.042171189979123176,0.6480019143335726,potencia media,gama media
0,188.0,bmw,gas,std,two,sedan,rwd,front,101.2,176.8,64.8,54.3,2710,ohc,six,164,mpfi,3.31,3.19,9.0,121.0,4250.0,21,28,20970.0,0.044649446494464944,0.8028715003589375,potencia media,gama media
0,188.0,bmw,gas,std,four,sedan,rwd,front,101.2,176.8,64.8,54.3,2765,ohc,six,164,mpfi,3.31,3.19,9.0,121.0,4250.0,21,28,21105.0,0.04376130198915009,0.8080402010050252,potencia media,gama media
1,122.0,bmw,gas,std,four,sedan,rwd,front,103.5,189.0,66.9,55.7,3055,ohc,six,164,mpfi,3.31,3.19,9.0,121.0,4250.0,20,25,24565.0,0.03960720130932897,0.9405120842306772,potencia media,gama media
0,122.0,bmw,gas,std,four,sedan,rwd,front,103.5,189.0,66.9,55.7,3230,ohc,six,209,mpfi,3.62,3.39,8.0,182.0,5400.0,16,22,30760.0,0.056346749226006194,1.1776980138789184,potencia alta,gama alta
0,122.0,bmw,gas,std,two,sedan,rwd,front,103.5,193.8,67.9,53.7,3380,ohc,six,209,mpfi,3.62,3.39,8.0,182.0,5400.0,16,22,41315.0,0.05384615384615385,1.5818138310600622,potencia alta,gama alta
0,122.0,bmw,gas,std,four,sedan,rwd,front,110.0,197.0,70.9,56.3,3505,ohc,six,209,mpfi,3.62,3.39,8.0,182.0,5400.0,15,20,36880.0,0.051925820256776035,1.4120124431682222,potencia alta,gama alta
2,121.0,chevrolet,gas,std,two,hatchback,fwd,front,88.4,141.1,60.3,53.2,1488,l,three,61,2bbl,2.91,3.03,9.5,48.0,5100.0,47,53,5151.0,0.03225806451612903,0.857499583818878,potencia baja,gama baja
1,98.0,chevrolet,gas,std,two,hatchback,fwd,front,94.5,155.9,63.6,52.0,1874,ohc,four,90,2bbl,3.03,3.11,9.6,70.0,5400.0,38,43,6295.0,0.03735325506937033,1.0479440652571999,potencia baja,gama baja
0,81.0,chevrolet,gas,std,four,sedan,fwd,front,94.5,158.8,63.6,52.0,1909,ohc,four,90,2bbl,3.03,3.11,9.6,70.0,5400.0,38,43,6575.0,0.03666841278156103,1.094556350923922,potencia baja,gama baja
1,118.0,dodge,gas,std,two,hatchback,fwd,front,93.7,157.3,63.8,50.8,1876,ohc,four,90,2bbl,2.97,3.23,9.41,68.0,5500.0,37,41,5572.0,0.03624733475479744,0.7075156252204461,potencia baja,gama baja
1,118.0,dodge,gas,std,two,hatchback,fwd,front,93.7,157.3,63.8,50.8,1876,ohc,four,90,2bbl,2.97,3.23,9.4,68.0,5500.0,31,38,6377.0,0.03624733475479744,0.8097320786128472,potencia baja,gama baja
1,118.0,dodge,gas,turbo,two,hatchback,fwd,front,93.7,157.3,63.8,50.8,2128,ohc,four,98,mpfi,3.03,3.39,7.6,102.0,5500.0,24,30,7957.0,0.047932330827067667,1.0103556765755726,potencia media,gama baja
1,148.0,dodge,gas,std,four,hatchback,fwd,front,93.7,157.3,63.8,50.6,1967,ohc,four,90,2bbl,2.97,3.23,9.4,68.0,5500.0,31,38,6229.0,0.03457041179461108,0.7909394884239338,potencia baja,gama baja
1,148.0,dodge,gas,std,four,sedan,fwd,front,93.7,157.3,63.8,50.6,1989,ohc,four,90,2bbl,2.97,3.23,9.4,68.0,5500.0,31,38,6692.0,0.03418803418803419,0.8497298212446563,potencia baja,gama baja
1,148.0,dodge,gas,std,four,sedan,fwd,front,93.7,157.3,63.8,50.6,1989,ohc,four,90,2bbl,2.97,3.23,9.4,68.0,5500.0,31,38,7609.0,0.03418803418803419,0.9661676942394786,potencia baja,gama baja
1,148.0,dodge,gas,turbo,four,sedan,fwd,front,93.7,157.3,63.8,50.6,2191,ohc,four,98,mpfi,3.03,3.39,7.6,102.0,5500.0,24,30,8558.0,0.04655408489274304,1.0866688299778495,potencia media,gama baja
-1,110.0,dodge,gas,std,four,wagon,fwd,front,103.3,174.6,64.6,59.8,2535,ohc,four,122,2bbl,3.34,3.46,8.5,88.0,5000.0,24,30,8921.0,0.03471400394477318,1.1327614667249821,potencia baja,gama baja
3,145.0,dodge,gas,turbo,two,hatchback,fwd,front,95.9,173.2,66.3,50.2,2811,ohc,four,156,mfi,3.6,3.9,7.0,145.0,5000.0,19,24,12964.0,0.05158306652436855,1.646129318980234,potencia media,gama media
2,137.0,honda,gas,std,two,hatchback,fwd,front,86.6,144.6,63.9,50.8,1713,ohc,four,92,1bbl,2.91,3.41,9.6,58.0,4800.0,49,54,6479.0,0.033858727378867484,0.79159970301031,potencia baja,gama baja
2,137.0,honda,gas,std,two,hatchback,fwd,front,86.6,144.6,63.9,50.8,1819,ohc,four,92,1bbl,2.91,3.41,9.2,76.0,6000.0,31,38,6855.0,0.04178119846069269,0.8375391208729241,potencia baja,gama baja
1,101.0,honda,gas,std,two,hatchback,fwd,front,93.7,150.0,64.0,52.6,1837,ohc,four,79,1bbl,2.91,3.07,10.1,60.0,5500.0,38,42,5399.0,0.0326619488296135,0.6596460559581206,potencia baja,gama baja
1,101.0,honda,gas,std,two,hatchback,fwd,front,93.7,150.0,64.0,52.6,1940,ohc,four,92,1bbl,2.91,3.41,9.2,76.0,6000.0,30,34,6529.0,0.03917525773195876,0.7977086681516151,potencia baja,gama baja
1,101.0,honda,gas,std,two,hatchback,fwd,front,93.7,150.0,64.0,52.6,1956,ohc,four,92,1bbl,2.91,3.41,9.2,76.0,6000.0,30,34,7129.0,0.03885480572597137,0.8710162498472759,potencia baja,gama baja
0,110.0,honda,gas,std,four,sedan,fwd,front,96.5,163.4,64.0,54.5,2010,ohc,four,92,1bbl,2.91,3.41,9.2,76.0,6000.0,30,34,7295.0,0.03781094527363184,0.8912980141164087,potencia baja,gama baja
0,78.0,honda,gas,std,four,wagon,fwd,front,96.5,157.1,63.9,58.3,2024,ohc,four,92,1bbl,2.92,3.41,9.2,76.0,6000.0,30,34,7295.0,0.037549407114624504,0.8912980141164087,potencia baja,gama baja
0,106.0,honda,gas,std,two,hatchback,fwd,front,96.5,167.5,65.2,53.3,2236,ohc,four,110,1bbl,3.15,3.58,9.0,86.0,5800.0,27,33,7895.0,0.038461538461538464,0.9646055958120694,potencia baja,gama baja
0,106.0,honda,gas,std,two,hatchback,fwd,front,96.5,167.5,65.2,53.3,2289,ohc,four,110,1bbl,3.15,3.58,9.0,86.0,5800.0,27,33,9095.0,0.037570991699432066,1.111220759203391,potencia baja,gama baja
0,85.0,honda,gas,std,four,sedan,fwd,front,96.5,175.4,65.2,54.1,2304,ohc,four,110,1bbl,3.15,3.58,9.0,86.0,5800.0,27,33,8845.0,0.03732638888888889,1.0806759334968656,potencia baja,gama baja
0,85.0,honda,gas,std,four,sedan,fwd,front,96.5,175.4,62.5,54.1,2372,ohc,four,110,1bbl,3.15,3.58,9.0,86.0,5800.0,27,33,10295.0,0.03625632377740304,1.2578359225947124,potencia baja,gama media
0,85.0,honda,gas,std,four,sedan,fwd,front,96.5,175.4,65.2,54.1,2465,ohc,four,110,mpfi,3.15,3.58,9.0,101.0,5800.0,24,28,12945.0,0.040973630831643,1.5816110750838808,potencia media,gama media
1,107.0,honda,gas,std,two,sedan,fwd,front,96.5,169.1,66.0,51.0,2293,ohc,four,110,2bbl,3.15,3.58,9.1,100.0,5500.0,25,31,10345.0,0.043610989969472304,1.2639448877360175,potencia media,gama media
0,122.0,isuzu,gas,std,four,sedan,rwd,front,94.3,170.7,61.8,53.5,2337,ohc,four,111,2bbl,3.31,3.23,8.5,78.0,4800.0,24,29,6785.0,0.03337612323491656,0.6133713138395464,potencia baja,gama baja
1,122.0,isuzu,gas,std,two,sedan,fwd,front,94.5,155.9,63.6,52.0,1874,ohc,four,90,2bbl,3.03,3.11,9.6,70.0,5400.0,38,43,13207.13,0.03735325506937033,1.1939387885261143,potencia baja,gama media
0,122.0,isuzu,gas,std,four,sedan,fwd,front,94.5,155.9,63.6,52.0,1909,ohc,four,90,2bbl,3.03,3.11,9.6,70.0,5400.0,38,43,13207.13,0.03666841278156103,1.1939387885261143,potencia baja,gama media
2,122.0,isuzu,gas,std,two,hatchback,rwd,front,96.0,172.6,65.2,51.4,2734,ohc,four,119,spfi,3.43,3.23,9.2,90.0,5000.0,24,29,11048.0,0.03291880029261156,0.9987511091082252,potencia baja,gama media
0,145.0,jaguar,gas,std,four,sedan,rwd,front,113.0,199.6,69.6,52.8,4066,dohc,six,258,mpfi,3.63,4.17,8.1,176.0,4750.0,15,19,32250.0,0.04328578455484506,0.9320809248554913,potencia alta,gama alta
0,122.0,jaguar,gas,std,four,sedan,rwd,front,113.0,199.6,69.6,52.8,4066,dohc,six,258,mpfi,3.63,4.17,8.1,176.0,4750.0,15,19,35550.0,0.04328578455484506,1.027456647398844,potencia alta,gama alta
0,122.0,jaguar,gas,std,two,sedan,rwd,front,102.0,191.7,70.6,47.8,3950,ohcv,twelve,326,mpfi,3.54,2.76,11.5,262.0,5000.0,13,17,36000.0,0.06632911392405064,1.0404624277456647,potencia alta,gama alta
1,104.0,mazda,gas,std,two,hatchback,fwd,front,93.1,159.1,64.2,54.1,1890,ohc,four,91,2bbl,3.03,3.15,9.0,68.0,5000.0,30,31,5195.0,0.03597883597883598,0.4876614448450847,potencia baja,gama baja
1,104.0,mazda,gas,std,two,hatchback,fwd,front,93.1,159.1,64.2,54.1,1900,ohc,four,91,2bbl,3.03,3.15,9.0,68.0,5000.0,31,38,6095.0,0.035789473684210524,0.572145622007852,potencia baja,gama baja
1,104.0,mazda,gas,std,two,hatchback,fwd,front,93.1,159.1,64.2,54.1,1905,ohc,four,91,2bbl,3.03,3.15,9.0,68.0,5000.0,31,38,6795.0,0.03569553805774278,0.6378555375788934,potencia baja,gama baja
1,113.0,mazda,gas,std,four,sedan,fwd,front,93.1,166.8,64.2,54.1,1945,ohc,four,91,2bbl,3.03,3.15,9.0,68.0,5000.0,31,38,6695.0,0.03496143958868895,0.6284684067830303,potencia baja,gama baja
1,113.0,mazda,gas,std,four,sedan,fwd,front,93.1,166.8,64.2,54.1,1950,ohc,four,91,2bbl,3.08,3.15,9.0,68.0,5000.0,31,38,7395.0,0.03487179487179487,0.6941783223540715,potencia baja,gama baja
3,150.0,mazda,gas,std,two,hatchback,rwd,front,95.3,169.0,65.7,49.6,2380,rotor,two,70,4bbl,3.33,3.26,9.4,101.0,6000.0,17,23,10945.0,0.04243697478991597,1.0274214656072094,potencia media,gama media
3,150.0,mazda,gas,std,two,hatchback,rwd,front,95.3,169.0,65.7,49.6,2380,rotor,two,70,4bbl,3.33,3.26,9.4,101.0,6000.0,17,23,11845.0,0.04243697478991597,1.1119056427699767,potencia media,gama media
3,150.0,mazda,gas,std,two,hatchback,rwd,front,95.3,169.0,65.7,49.6,2385,rotor,two,70,4bbl,3.33,3.26,9.4,101.0,6000.0,17,23,13645.0,0.042348008385744235,1.2808739970955112,potencia media,gama media
3,150.0,mazda,gas,std,two,hatchback,rwd,front,95.3,169.0,65.7,49.6,2500,rotor,two,80,mpfi,3.33,3.26,9.4,135.0,6000.0,16,23,15645.0,0.054,1.468616613012772,potencia media,gama media
1,129.0,mazda,gas,std,two,hatchback,fwd,front,98.8,177.8,66.5,53.7,2385,ohc,four,122,2bbl,3.39,3.39,8.6,84.0,4800.0,26,32,8845.0,0.03522012578616352,0.8302917188940856,potencia baja,gama baja
0,115.0,mazda,gas,std,four,sedan,fwd,front,98.8,177.8,66.5,55.5,2410,ohc,four,122,2bbl,3.39,3.39,8.6,84.0,4800.0,26,32,8495.0,0.034854771784232366,0.7974367611085649,potencia baja,gama baja
1,129.0,mazda,gas,std,two,hatchback,fwd,front,98.8,177.8,66.5,53.7,2385,ohc,four,122,2bbl,3.39,3.39,8.6,84.0,4800.0,26,32,10595.0,0.03522012578616352,0.9945665078216887,potencia baja,gama media
0,115.0,mazda,gas,std,four,sedan,fwd,front,98.8,177.8,66.5,55.5,2410,ohc,four,122,2bbl,3.39,3.39,8.6,84.0,4800.0,26,32,10245.0,0.034854771784232366,0.961711550036168,potencia baja,gama media
0,122.0,mazda,diesel,std,four,sedan,fwd,front,98.8,177.8,66.5,55.5,2443,ohc,four,122,idi,3.39,3.39,22.7,64.0,4650.0,36,42,10795.0,0.026197298403602128,1.0133407694134147,potencia baja,gama media
0,115.0,mazda,gas,std,four,hatchback,fwd,front,98.8,177.8,66.5,55.5,2425,ohc,four,122,2bbl,3.39,3.39,8.6,84.0,4800.0,26,32,11245.0,0.03463917525773196,1.0555828579947983,potencia baja,gama media
0,118.0,mazda,gas,std,four,sedan,rwd,front,104.9,175.0,66.1,54.4,2670,ohc,four,140,mpfi,3.76,3.16,8.0,120.0,5000.0,19,27,18280.0,0.0449438202247191,1.715967509483763,potencia media,gama media
0,122.0,mazda,diesel,std,four,sedan,rwd,front,104.9,175.0,66.1,54.4,2700,ohc,four,134,idi,3.43,3.64,22.0,72.0,4200.0,31,39,18344.0,0.02666666666666667,1.7219752731931153,potencia baja,gama media
-1,93.0,mercedes-benz,diesel,turbo,four,sedan,rwd,front,110.0,190.9,70.3,56.5,3515,ohc,five,183,idi,3.58,3.64,21.5,123.0,4350.0,22,25,25552.0,0.03499288762446657,0.759413915059292,potencia media,gama media
-1,93.0,mercedes-benz,diesel,turbo,four,wagon,rwd,front,110.0,190.9,70.3,58.7,3750,ohc,five,183,idi,3.58,3.64,21.5,123.0,4350.0,22,25,28248.0,0.0328,0.8395399292656106,potencia media,gama media
0,93.0,mercedes-benz,diesel,turbo,two,hardtop,rwd,front,106.7,187.5,70.3,54.9,3495,ohc,five,183,idi,3.58,3.64,21.5,123.0,4350.0,22,25,28176.0,0.0351931330472103,0.8374000653847297,potencia media,gama media
-1,93.0,mercedes-benz,diesel,turbo,four,sedan,rwd,front,115.6,202.6,71.7,56.3,3770,ohc,five,183,idi,3.58,3.64,21.5,123.0,4350.0,22,25,31600.0,0.03262599469496021,0.9391624810532886,potencia media,gama alta
-1,122.0,mercedes-benz,gas,std,four,sedan,rwd,front,115.6,202.6,71.7,56.5,3740,ohcv,eight,234,mpfi,3.46,3.1,8.3,155.0,4750.0,16,18,34184.0,0.04144385026737968,1.01595981811157,potencia alta,gama alta
3,142.0,mercedes-benz,gas,std,two,convertible,rwd,front,96.6,180.3,70.5,50.8,3685,ohcv,eight,234,mpfi,3.46,3.1,8.3,155.0,4750.0,16,18,35056.0,0.04206241519674356,1.0418759473355723,potencia alta,gama alta
0,122.0,mercedes-benz,gas,std,four,sedan,rwd,front,120.9,208.1,71.7,56.7,3900,ohcv,eight,308,mpfi,3.8,3.35,8.0,184.0,4500.0,14,16,40960.0,0.04717948717948718,1.217344785567807,potencia alta,gama alta
1,122.0,mercedes-benz,gas,std,two,hardtop,rwd,front,112.0,199.2,72.0,55.4,3715,ohcv,eight,304,mpfi,3.8,3.35,8.0,184.0,4500.0,14,16,45400.0,0.04952893674293405,1.3493030582221297,potencia alta,gama alta
1,122.0,mercury,gas,turbo,two,hatchback,rwd,front,102.7,178.4,68.0,54.8,2910,ohc,four,140,mpfi,3.78,3.12,8.0,175.0,5000.0,19,24,16503.0,0.06013745704467354,1.0,potencia alta,gama media
2,161.0,mitsubishi,gas,std,two,hatchback,fwd,front,93.7,157.3,64.4,50.8,1918,ohc,four,92,2bbl,2.97,3.23,9.4,68.0,5500.0,37,41,5389.0,0.035453597497393116,0.583239674650549,potencia baja,gama baja
2,161.0,mitsubishi,gas,std,two,hatchback,fwd,front,93.7,157.3,64.4,50.8,1944,ohc,four,92,2bbl,2.97,3.23,9.4,68.0,5500.0,31,38,6189.0,0.03497942386831276,0.6698219236244661,potencia baja,gama baja
2,161.0,mitsubishi,gas,std,two,hatchback,fwd,front,93.7,157.3,64.4,50.8,2004,ohc,four,92,2bbl,2.97,3.23,9.4,68.0,5500.0,31,38,6669.0,0.033932135728542916,0.7217712730088164,potencia baja,gama baja
1,161.0,mitsubishi,gas,turbo,two,hatchback,fwd,front,93.0,157.3,63.8,50.8,2145,ohc,four,98,spdi,3.03,3.39,7.6,102.0,5500.0,24,30,7689.0,0.04755244755244755,0.8321636404505607,potencia media,gama baja
3,153.0,mitsubishi,gas,turbo,two,hatchback,fwd,front,96.3,173.0,65.4,49.4,2370,ohc,four,110,spdi,3.17,3.46,7.5,116.0,5500.0,23,30,9959.0,0.048945147679324896,1.0778407719140506,potencia media,gama baja
3,153.0,mitsubishi,gas,std,two,hatchback,fwd,front,96.3,173.0,65.4,49.4,2328,ohc,four,122,2bbl,3.35,3.46,8.5,88.0,5000.0,25,32,8499.0,0.037800687285223365,0.9198281675366518,potencia baja,gama baja
3,122.0,mitsubishi,gas,turbo,two,hatchback,fwd,front,95.9,173.2,66.3,50.2,2833,ohc,four,156,spdi,3.58,3.86,7.0,145.0,5000.0,19,24,12629.0,0.05118249205788916,1.3668090278644989,potencia media,gama media
3,122.0,mitsubishi,gas,turbo,two,hatchback,fwd,front,95.9,173.2,66.3,50.2,2921,ohc,four,156,spdi,3.59,3.86,7.0,145.0,5000.0,19,24,14869.0,0.04964053406367682,1.6092393249914667,potencia media,gama media
3,122.0,mitsubishi,gas,turbo,two,hatchback,fwd,front,95.9,173.2,66.3,50.2,2926,ohc,four,156,spdi,3.59,3.86,7.0,145.0,5000.0,19,24,14489.0,0.04955570745044429,1.568112756728856,potencia media,gama media
1,125.0,mitsubishi,gas,std,four,sedan,fwd,front,96.3,172.4,65.4,51.6,2365,ohc,four,122,2bbl,3.35,3.46,8.5,88.0,5000.0,25,32,6989.0,0.037209302325581395,0.7564041725983832,potencia baja,gama baja
1,125.0,mitsubishi,gas,std,four,sedan,fwd,front,96.3,172.4,65.4,51.6,2405,ohc,four,122,2bbl,3.35,3.46,8.5,88.0,5000.0,25,32,8189.0,0.03659043659043659,0.8862775460592589,potencia baja,gama baja
1,125.0,mitsubishi,gas,turbo,four,sedan,fwd,front,96.3,172.4,65.4,51.6,2403,ohc,four,110,spdi,3.17,3.46,7.5,116.0,5500.0,23,30,9279.0,0.04827299209321681,1.004245860286221,potencia media,gama baja
-1,137.0,mitsubishi,gas,std,four,sedan,fwd,front,96.3,172.4,65.4,51.6,2403,ohc,four,110,spdi,3.17,3.46,7.5,116.0,5500.0,23,30,9279.0,0.04827299209321681,1.004245860286221,potencia media,gama baja
1,128.0,nissan,gas,std,two,sedan,fwd,front,94.5,165.3,63.8,54.5,1889,ohc,four,97,2bbl,3.15,3.29,9.4,69.0,5200.0,31,37,5499.0,0.036527263102170464,0.5279546836496304,potencia baja,gama baja
1,128.0,nissan,diesel,std,two,sedan,fwd,front,94.5,165.3,63.8,54.5,2017,ohc,four,103,idi,2.99,3.47,21.9,55.0,4800.0,45,50,7099.0,0.027268220128904314,0.6815694306653439,potencia baja,gama baja
1,128.0,nissan,gas,std,two,sedan,fwd,front,94.5,165.3,63.8,54.5,1918,ohc,four,97,2bbl,3.15,3.29,9.4,69.0,5200.0,31,37,6649.0,0.03597497393117831,0.6383652830671744,potencia baja,gama baja
1,122.0,nissan,gas,std,four,sedan,fwd,front,94.5,165.3,63.8,54.5,1938,ohc,four,97,2bbl,3.15,3.29,9.4,69.0,5200.0,31,37,6849.0,0.03560371517027864,0.6575671264441387,potencia baja,gama baja
1,103.0,nissan,gas,std,four,wagon,fwd,front,94.5,170.2,63.8,53.5,2024,ohc,four,97,2bbl,3.15,3.29,9.4,69.0,5200.0,31,37,7349.0,0.03409090909090909,0.7055717348865491,potencia baja,gama baja
1,128.0,nissan,gas,std,two,sedan,fwd,front,94.5,165.3,63.8,54.5,1951,ohc,four,97,2bbl,3.15,3.29,9.4,69.0,5200.0,31,37,7299.0,0.035366478728856995,0.7007712740423081,potencia baja,gama baja
1,128.0,nissan,gas,std,two,hatchback,fwd,front,94.5,165.6,63.8,53.3,2028,ohc,four,97,2bbl,3.15,3.29,9.4,69.0,5200.0,31,37,7799.0,0.034023668639053255,0.7487758824847186,potencia baja,gama baja
1,122.0,nissan,gas,std,four,sedan,fwd,front,94.5,165.3,63.8,54.5,1971,ohc,four,97,2bbl,3.15,3.29,9.4,69.0,5200.0,31,37,7499.0,0.0350076103500761,0.7199731174192723,potencia baja,gama baja
1,103.0,nissan,gas,std,four,wagon,fwd,front,94.5,170.2,63.8,53.5,2037,ohc,four,97,2bbl,3.15,3.29,9.4,69.0,5200.0,31,37,7999.0,0.033873343151693665,0.7679777258616828,potencia baja,gama baja
2,168.0,nissan,gas,std,two,hardtop,fwd,front,95.1,162.4,63.8,53.3,2008,ohc,four,97,2bbl,3.15,3.29,9.4,69.0,5200.0,31,37,8249.0,0.03436254980079681,0.791980030082888,potencia baja,gama baja
0,106.0,nissan,gas,std,four,hatchback,fwd,front,97.2,173.4,65.2,54.7,2324,ohc,four,120,2bbl,3.33,3.47,8.5,97.0,5200.0,27,34,8949.0,0.04173838209982788,0.8591864819022627,potencia media,gama baja
0,106.0,nissan,gas,std,four,sedan,fwd,front,97.2,173.4,65.2,54.7,2302,ohc,four,120,2bbl,3.33,3.47,8.5,97.0,5200.0,27,34,9549.0,0.0421372719374457,0.9167920120331552,potencia media,gama baja
0,128.0,nissan,gas,std,four,sedan,fwd,front,100.4,181.7,66.5,55.1,3095,ohcv,six,181,mpfi,3.43,3.27,9.0,152.0,5200.0,17,22,13499.0,0.04911147011308562,1.296028418728198,potencia alta,gama media
0,108.0,nissan,gas,std,four,wagon,fwd,front,100.4,184.6,66.5,56.1,3296,ohcv,six,181,mpfi,3.43,3.27,9.0,152.0,5200.0,17,22,14399.0,0.04611650485436893,1.3824367139245368,potencia alta,gama media
0,108.0,nissan,gas,std,four,sedan,fwd,front,100.4,184.6,66.5,55.1,3060,ohcv,six,181,mpfi,3.43,3.27,9.0,152.0,5200.0,19,25,13499.0,0.04967320261437908,1.296028418728198,potencia alta,gama media
3,194.0,nissan,gas,std,two,hatchback,rwd,front,91.3,170.7,67.9,49.7,3071,ohcv,six,181,mpfi,3.43,3.27,9.0,160.0,5200.0,19,25,17199.0,0.052100293064148484,1.6512625212020355,potencia alta,gama media
3,194.0,nissan,gas,turbo,two,hatchback,rwd,front,91.3,170.7,67.9,49.7,3139,ohcv,six,181,mpfi,3.43,3.27,7.8,200.0,5200.0,17,23,19699.0,0.06371455877668047,1.891285563414088,potencia alta,gama media
1,231.0,nissan,gas,std,two,hatchback,rwd,front,99.2,178.5,67.9,49.7,3139,ohcv,six,181,mpfi,3.43,3.27,9.0,160.0,5200.0,19,25,18399.0,0.05097164702134438,1.7664735814638206,potencia alta,gama media
0,161.0,peugeot,gas,std,four,sedan,rwd,front,107.9,186.7,68.4,56.7,3020,l,four,120,mpfi,3.46,3.19,8.4,97.0,5000.0,19,24,11900.0,0.032119205298013244,0.7682826622843056,potencia media,gama media
0,161.0,peugeot,diesel,turbo,four,sedan,rwd,front,107.9,186.7,68.4,56.7,3197,l,four,152,idi,3.7,3.52,21.0,95.0,4150.0,28,33,13200.0,0.029715358148264,0.8522127010212466,potencia media,gama media
0,122.0,peugeot,gas,std,four,wagon,rwd,front,114.2,198.9,68.4,58.7,3230,l,four,120,mpfi,3.46,3.19,8.4,97.0,5000.0,19,24,12440.0,0.030030959752321982,0.8031459091442658,potencia media,gama media
0,122.0,peugeot,diesel,turbo,four,wagon,rwd,front,114.2,198.9,68.4,58.7,3430,l,four,152,idi,3.7,3.52,21.0,95.0,4150.0,25,25,13860.0,0.027696793002915453,0.8948233360723089,potencia media,gama media
0,161.0,peugeot,gas,std,four,sedan,rwd,front,107.9,186.7,68.4,56.7,3075,l,four,120,mpfi,3.46,2.19,8.4,95.0,5000.0,19,24,15580.0,0.030894308943089432,1.0058692334781076,potencia media,gama media
0,161.0,peugeot,diesel,turbo,four,sedan,rwd,front,107.9,186.7,68.4,56.7,3252,l,four,152,idi,3.7,3.52,21.0,95.0,4150.0,28,33,16900.0,0.02921279212792128,1.0910905035802323,potencia media,gama media
0,122.0,peugeot,gas,std,four,wagon,rwd,front,114.2,198.9,68.4,56.7,3285,l,four,120,mpfi,3.46,2.19,8.4,95.0,5000.0,19,24,16695.0,0.0289193302891933,1.0778553820870993,potencia media,gama media
0,122.0,peugeot,diesel,turbo,four,wagon,rwd,front,114.2,198.9,68.4,58.7,3485,l,four,152,idi,3.7,3.52,21.0,95.0,4150.0,25,25,17075.0,0.027259684361549498,1.1023887780255899,potencia media,gama media
0,161.0,peugeot,gas,std,four,sedan,rwd,front,107.9,186.7,68.4,56.7,3075,l,four,120,mpfi,3.46,3.19,8.4,97.0,5000.0,19,24,16630.0,0.031544715447154474,1.0736588801502522,potencia media,gama media
0,161.0,peugeot,diesel,turbo,four,sedan,rwd,front,107.9,186.7,68.4,56.7,3252,l,four,152,idi,3.7,3.52,21.0,95.0,4150.0,28,33,17950.0,0.02921279212792128,1.158880150252377,potencia media,gama media
0,161.0,peugeot,gas,turbo,four,sedan,rwd,front,108.0,186.7,68.3,56.0,3130,l,four,134,mpfi,3.61,3.21,7.0,142.0,5600.0,18,24,18150.0,0.04536741214057508,1.171792463904214,potencia media,gama media
1,119.0,plymouth,gas,std,two,hatchback,fwd,front,93.7,157.3,63.8,50.8,1918,ohc,four,90,2bbl,2.97,3.23,9.4,68.0,5500.0,37,41,5572.0,0.035453597497393116,0.6996986222732491,potencia baja,gama baja
1,119.0,plymouth,gas,turbo,two,hatchback,fwd,front,93.7,157.3,63.8,50.8,2128,ohc,four,98,spdi,3.03,3.39,7.6,102.0,5500.0,24,30,7957.0,0.047932330827067667,0.9991927382319173,potencia media,gama baja
1,154.0,plymouth,gas,std,four,hatchback,fwd,front,93.7,157.3,63.8,50.6,1967,ohc,four,90,2bbl,2.97,3.23,9.4,68.0,5500.0,31,38,6229.0,0.03457041179461108,0.7822007749712974,potencia baja,gama baja
1,154.0,plymouth,gas,std,four,sedan,fwd,front,93.7,167.3,63.8,50.8,1989,ohc,four,90,2bbl,2.97,3.23,9.4,68.0,5500.0,31,38,6692.0,0.03418803418803419,0.8403415614236509,potencia baja,gama baja
1,154.0,plymouth,gas,std,four,sedan,fwd,front,93.7,167.3,63.8,50.8,2191,ohc,four,98,2bbl,2.97,3.23,9.4,68.0,5500.0,31,38,7609.0,0.031036056595162027,0.9554929678530425,potencia baja,gama baja
-1,74.0,plymouth,gas,std,four,wagon,fwd,front,103.3,174.6,64.6,59.8,2535,ohc,four,122,2bbl,3.35,3.46,8.5,88.0,5000.0,24,30,8921.0,0.03471400394477318,1.1202461251435132,potencia baja,gama baja
3,122.0,plymouth,gas,turbo,two,hatchback,rwd,front,95.9,173.2,66.3,50.2,2818,ohc,four,156,spdi,3.59,3.86,7.0,145.0,5000.0,19,24,12764.0,0.05145493257629524,1.6028272101033294,potencia media,gama media
3,186.0,porsche,gas,std,two,hatchback,rwd,front,94.5,168.9,68.3,50.2,2778,ohc,four,151,mpfi,3.94,3.11,9.5,143.0,5500.0,19,27,22018.0,0.05147588192944565,0.7931034507600473,potencia media,gama media
3,122.0,porsche,gas,std,two,hardtop,rwd,rear,89.5,168.9,65.0,51.6,2756,ohcf,six,194,mpfi,3.74,2.9,9.5,207.0,5900.0,17,25,32528.0,0.07510885341074021,1.1716808541340185,potencia alta,gama alta
3,122.0,porsche,gas,std,two,hardtop,rwd,rear,89.5,168.9,65.0,51.6,2756,ohcf,six,194,mpfi,3.74,2.9,9.5,207.0,5900.0,17,25,34028.0,0.07510885341074021,1.2257118822083244,potencia alta,gama alta
3,122.0,porsche,gas,std,two,convertible,rwd,rear,89.5,168.9,65.0,51.6,2800,ohcf,six,194,mpfi,3.74,2.9,9.5,207.0,5900.0,17,25,37028.0,0.07392857142857143,1.3337739383569365,potencia alta,gama alta
1,122.0,porsche,gas,std,two,hatchback,rwd,front,98.4,175.7,72.3,50.5,3366,dohcv,eight,203,mpfi,3.94,3.11,10.0,288.0,5750.0,17,28,13207.13,0.0855614973262032,0.47572987454067317,potencia alta,gama media
0,122.0,renault,gas,std,four,wagon,fwd,front,96.1,181.5,66.5,55.2,2579,ohc,four,132,mpfi,3.46,3.9,8.7,104.26,5125.37,23,31,9295.0,0.04042652190771617,0.9687337154768109,potencia media,gama baja
2,122.0,renault,gas,std,two,hatchback,fwd,front,96.1,176.8,66.6,50.5,2460,ohc,four,132,mpfi,3.46,3.9,8.7,104.26,5125.37,23,31,9895.0,0.04238211382113821,1.0312662845231892,potencia media,gama baja
3,150.0,saab,gas,std,two,hatchback,fwd,front,99.1,186.6,66.5,56.1,2658,ohc,four,121,mpfi,3.54,3.07,9.31,110.0,5250.0,21,28,11850.0,0.04138449962377728,0.7784103350120429,potencia media,gama media
2,104.0,saab,gas,std,four,sedan,fwd,front,99.1,186.6,66.5,56.1,2695,ohc,four,121,mpfi,3.54,3.07,9.3,110.0,5250.0,21,28,12170.0,0.04081632653061224,0.7994306984891614,potencia media,gama media
3,150.0,saab,gas,std,two,hatchback,fwd,front,99.1,186.6,66.5,56.1,2707,ohc,four,121,mpfi,2.54,2.07,9.3,110.0,5250.0,21,28,15040.0,0.04063538973032878,0.9879570834245676,potencia media,gama media
2,104.0,saab,gas,std,four,sedan,fwd,front,99.1,186.6,66.5,56.1,2758,ohc,four,121,mpfi,3.54,3.07,9.3,110.0,5250.0,21,28,15510.0,0.03988397389412618,1.0188307422815852,potencia media,gama media
3,150.0,saab,gas,turbo,two,hatchback,fwd,front,99.1,186.6,66.5,56.1,2808,dohc,four,121,mpfi,3.54,3.07,9.0,160.0,5500.0,19,26,18150.0,0.05698005698005698,1.1922487409678124,potencia alta,gama media
2,104.0,saab,gas,turbo,four,sedan,fwd,front,99.1,186.6,66.5,56.1,2847,dohc,four,121,mpfi,3.54,3.07,9.0,160.0,5500.0,19,26,18620.0,0.056199508254302775,1.2231223998248302,potencia alta,gama media
2,83.0,subaru,gas,std,two,hatchback,fwd,front,93.7,156.9,63.4,53.7,2050,ohcf,four,97,2bbl,3.62,2.36,9.0,69.0,4900.0,31,36,5118.0,0.033658536585365856,0.5992097175471974,potencia baja,gama baja
2,83.0,subaru,gas,std,two,hatchback,fwd,front,93.7,157.9,63.6,53.7,2120,ohcf,four,108,2bbl,3.62,2.64,8.7,73.0,4400.0,26,31,7053.0,0.03443396226415094,0.8257573540172691,potencia baja,gama baja
2,83.0,subaru,gas,std,two,hatchback,4wd,front,93.3,157.3,63.8,55.7,2240,ohcf,four,108,2bbl,3.62,2.64,8.7,73.0,4400.0,26,31,7603.0,0.032589285714285716,0.890150739060442,potencia baja,gama baja
0,102.0,subaru,gas,std,four,sedan,fwd,front,97.2,172.0,65.4,52.5,2145,ohcf,four,108,2bbl,3.62,2.64,9.5,82.0,4800.0,32,37,7126.0,0.03822843822843823,0.8343041123957267,potencia baja,gama baja
0,102.0,subaru,gas,std,four,sedan,fwd,front,97.2,172.0,65.4,52.5,2190,ohcf,four,108,2bbl,3.62,2.64,9.5,82.0,4400.0,28,33,7775.0,0.03744292237442922,0.9102883067466706,potencia baja,gama baja
0,102.0,subaru,gas,std,four,sedan,fwd,front,97.2,172.0,65.4,52.5,2340,ohcf,four,108,mpfi,3.62,2.64,9.0,94.0,5200.0,26,32,9960.0,0.040170940170940174,1.1661056636909117,potencia media,gama baja
0,102.0,subaru,gas,std,four,sedan,4wd,front,97.0,172.0,65.4,54.3,2385,ohcf,four,108,2bbl,3.62,2.64,9.0,82.0,4800.0,24,25,9233.0,0.034381551362683435,1.080989316552027,potencia baja,gama baja
0,102.0,subaru,gas,turbo,four,sedan,4wd,front,97.0,172.0,65.4,54.3,2510,ohcf,four,108,mpfi,3.62,2.64,7.7,111.0,4800.0,24,29,11259.0,0.044223107569721115,1.3181911312746963,potencia media,gama media
0,89.0,subaru,gas,std,four,wagon,fwd,front,97.0,173.5,65.4,53.0,2290,ohcf,four,108,2bbl,3.62,2.64,9.0,82.0,4800.0,28,32,7463.0,0.03580786026200873,0.8737596955949071,potencia baja,gama baja
0,89.0,subaru,gas,std,four,wagon,fwd,front,97.0,173.5,65.4,53.0,2455,ohcf,four,108,mpfi,3.62,2.64,9.0,94.0,5200.0,25,31,10198.0,0.038289205702647655,1.193970437582321,potencia media,gama media
0,85.0,subaru,gas,std,four,wagon,4wd,front,96.9,173.6,65.4,54.9,2420,ohcf,four,108,2bbl,3.62,2.64,9.0,82.0,4800.0,23,29,8013.0,0.033884297520661154,0.9381530806380799,potencia baja,gama baja
0,85.0,subaru,gas,turbo,four,wagon,4wd,front,96.9,173.6,65.4,54.9,2650,ohcf,four,108,mpfi,3.62,2.64,7.7,111.0,4800.0,23,23,11694.0,0.04188679245283019,1.3691204448997512,potencia media,gama media
1,87.0,toyota,gas,std,two,hatchback,fwd,front,95.7,158.7,63.6,54.5,1985,ohc,four,92,2bbl,3.05,3.03,9.0,62.0,4800.0,35,39,5348.0,0.031234256926952142,0.5409772843658526,potencia baja,gama baja
1,87.0,toyota,gas,std,two,hatchback,fwd,front,95.7,158.7,63.6,54.5,2040,ohc,four,92,2bbl,3.05,3.03,9.0,62.0,4800.0,31,38,6338.0,0.030392156862745098,0.641120798113458,potencia baja,gama baja
1,74.0,toyota,gas,std,four,hatchback,fwd,front,95.7,158.7,63.6,54.5,2015,ohc,four,92,2bbl,3.05,3.03,9.0,62.0,4800.0,31,38,6488.0,0.03076923076923077,0.6562940577721862,potencia baja,gama baja
0,77.0,toyota,gas,std,four,wagon,fwd,front,95.7,169.7,63.6,59.1,2280,ohc,four,92,2bbl,3.05,3.03,9.0,62.0,4800.0,31,37,6918.0,0.027192982456140352,0.69979073546054,potencia baja,gama baja
0,81.0,toyota,gas,std,four,wagon,4wd,front,95.7,169.7,63.6,59.1,2290,ohc,four,92,2bbl,3.05,3.03,9.0,62.0,4800.0,27,32,7898.0,0.027074235807860263,0.7989226985642303,potencia baja,gama baja
0,91.0,toyota,gas,std,four,wagon,4wd,front,95.7,169.7,63.6,59.1,3110,ohc,four,92,2bbl,3.05,3.03,9.0,62.0,4800.0,27,32,8778.0,0.019935691318327974,0.8879391552287685,potencia baja,gama baja
0,91.0,toyota,gas,std,four,sedan,fwd,front,95.7,166.3,64.4,53.0,2081,ohc,four,98,2bbl,3.19,3.03,9.0,70.0,4800.0,30,37,6938.0,0.03363767419509851,0.7018138367483705,potencia baja,gama baja
0,91.0,toyota,gas,std,four,hatchback,fwd,front,95.7,166.3,64.4,52.8,2109,ohc,four,98,2bbl,3.19,3.03,9.0,70.0,4800.0,30,37,7198.0,0.03319108582266477,0.7281141534901658,potencia baja,gama baja
0,91.0,toyota,diesel,std,four,sedan,fwd,front,95.7,166.3,64.4,53.0,2275,ohc,four,110,idi,3.27,3.35,22.5,56.0,4500.0,34,36,7898.0,0.024615384615384615,0.7989226985642303,potencia baja,gama baja
0,91.0,toyota,diesel,std,four,hatchback,fwd,front,95.7,166.3,64.4,52.8,2275,ohc,four,110,idi,3.27,3.35,22.5,56.0,4500.0,38,47,7788.0,0.024615384615384615,0.787795641481163,potencia baja,gama baja
0,91.0,toyota,gas,std,four,sedan,fwd,front,95.7,166.3,64.4,53.0,2094,ohc,four,98,2bbl,3.19,3.03,9.0,70.0,4800.0,38,47,7738.0,0.033428844317096466,0.782737888261587,potencia baja,gama baja
0,91.0,toyota,gas,std,four,hatchback,fwd,front,95.7,166.3,64.4,52.8,2122,ohc,four,98,2bbl,3.19,3.03,9.0,70.0,4800.0,28,34,8358.0,0.03298774740810556,0.8454540281843298,potencia baja,gama baja
0,91.0,toyota,gas,std,four,sedan,fwd,front,95.7,166.3,64.4,52.8,2140,ohc,four,98,2bbl,3.19,3.03,9.0,70.0,4800.0,28,34,9258.0,0.03271028037383177,0.9364935861366984,potencia baja,gama baja
1,168.0,toyota,gas,std,two,sedan,rwd,front,94.5,168.7,64.0,52.6,2169,ohc,four,98,2bbl,3.19,3.03,9.0,70.0,4800.0,29,34,8058.0,0.03227293683725219,0.8151075088668737,potencia baja,gama baja
1,168.0,toyota,gas,std,two,hatchback,rwd,front,94.5,168.7,64.0,52.6,2204,ohc,four,98,2bbl,3.19,3.03,9.0,70.0,4800.0,29,34,8238.0,0.03176043557168784,0.8333154204573473,potencia baja,gama baja
1,168.0,toyota,gas,std,two,sedan,rwd,front,94.5,168.7,64.0,52.6,2265,dohc,four,98,mpfi,3.24,3.08,9.4,112.0,6600.0,26,29,9298.0,0.04944812362030905,0.9405397887123592,potencia media,gama baja
1,168.0,toyota,gas,std,two,hatchback,rwd,front,94.5,168.7,64.0,52.6,2300,dohc,four,98,mpfi,3.24,3.08,9.4,112.0,6600.0,26,29,9538.0,0.04869565217391304,0.9648170041663242,potencia media,gama baja
2,134.0,toyota,gas,std,two,hardtop,rwd,front,98.4,176.2,65.6,52.0,2540,ohc,four,146,mpfi,3.62,3.5,9.3,116.0,4800.0,24,30,8449.0,0.04566929133858268,0.8546591390439582,potencia media,gama baja
2,134.0,toyota,gas,std,two,hardtop,rwd,front,98.4,176.2,65.6,52.0,2536,ohc,four,146,mpfi,3.62,3.5,9.3,116.0,4800.0,24,30,9639.0,0.04574132492113565,0.9750336656698678,potencia media,gama baja
2,134.0,toyota,gas,std,two,hatchback,rwd,front,98.4,176.2,65.6,52.0,2551,ohc,four,146,mpfi,3.62,3.5,9.3,116.0,4800.0,24,30,9989.0,0.04547236377891023,1.0104379382069,potencia media,gama baja
2,134.0,toyota,gas,std,two,hardtop,rwd,front,98.4,176.2,65.6,52.0,2679,ohc,four,146,mpfi,3.62,3.5,9.3,116.0,4800.0,24,30,11199.0,0.04329973870847331,1.13283556612064,potencia media,gama media
2,134.0,toyota,gas,std,two,hatchback,rwd,front,98.4,176.2,65.6,52.0,2714,ohc,four,146,mpfi,3.62,3.5,9.3,116.0,4800.0,24,30,11549.0,0.04274134119380987,1.1682398386576722,potencia media,gama media
2,134.0,toyota,gas,std,two,convertible,rwd,front,98.4,176.2,65.6,53.0,2975,ohc,four,146,mpfi,3.62,3.5,9.3,116.0,4800.0,24,30,17669.0,0.038991596638655465,1.787308832733779,potencia media,gama media
-1,65.0,toyota,gas,std,four,sedan,fwd,front,102.4,175.6,66.5,54.9,2326,ohc,four,122,mpfi,3.31,3.54,8.7,92.0,4200.0,29,34,8948.0,0.03955288048151333,0.9051355161753271,potencia media,gama baja
-1,65.0,toyota,diesel,turbo,four,sedan,fwd,front,102.4,175.6,66.5,54.9,2480,ohc,four,110,idi,3.27,3.35,22.5,73.0,4500.0,30,33,10698.0,0.02943548387096774,1.0821568788604883,potencia baja,gama media
-1,65.0,toyota,gas,std,four,hatchback,fwd,front,102.4,175.6,66.5,53.9,2414,ohc,four,122,mpfi,3.31,3.54,8.7,92.0,4200.0,27,32,9988.0,0.03811101905550953,1.0103367831425085,potencia media,gama baja
-1,65.0,toyota,gas,std,four,sedan,fwd,front,102.4,175.6,66.5,54.9,2414,ohc,four,122,mpfi,3.31,3.54,8.7,92.0,4200.0,27,32,10898.0,0.03811101905550953,1.1023878917387924,potencia media,gama media
-1,65.0,toyota,gas,std,four,hatchback,fwd,front,102.4,175.6,66.5,53.9,2458,ohc,four,122,mpfi,3.31,3.54,8.7,92.0,4200.0,27,32,11248.0,0.03742880390561432,1.1377921642758246,potencia media,gama media
3,197.0,toyota,gas,std,two,hatchback,rwd,front,102.9,183.5,67.7,52.0,2976,dohc,six,171,mpfi,3.27,3.35,9.3,161.0,5200.0,20,24,16558.0,0.0540994623655914,1.6749255561947993,potencia alta,gama media
3,197.0,toyota,gas,std,two,hatchback,rwd,front,102.9,183.5,67.7,52.0,3016,dohc,six,171,mpfi,3.27,3.35,9.3,161.0,5200.0,19,24,15998.0,0.05338196286472149,1.6182787201355477,potencia alta,gama media
-1,90.0,toyota,gas,std,four,sedan,rwd,front,104.5,187.8,66.5,54.1,3131,dohc,six,171,mpfi,3.27,3.35,9.2,156.0,5200.0,20,24,15690.0,0.049824337272436924,1.5871229603029595,potencia alta,gama media
-1,122.0,toyota,gas,std,four,wagon,rwd,front,104.5,187.8,66.5,54.1,3151,dohc,six,161,mpfi,3.27,3.35,9.2,156.0,5200.0,19,24,15750.0,0.04950809266899397,1.5931922641664507,potencia alta,gama media
2,122.0,volkswagen,diesel,std,two,sedan,fwd,front,97.3,171.7,65.5,55.7,2261,ohc,four,97,idi,3.01,3.4,23.0,52.0,4800.0,37,46,7775.0,0.022998673153471916,0.7715207144629125,potencia baja,gama baja
2,122.0,volkswagen,gas,std,two,sedan,fwd,front,97.3,171.7,65.5,55.7,2209,ohc,four,109,mpfi,3.19,3.4,9.0,85.0,5250.0,27,34,7975.0,0.03847894975101856,0.7913669064748201,potencia baja,gama baja
2,94.0,volkswagen,diesel,std,four,sedan,fwd,front,97.3,171.7,65.5,55.7,2264,ohc,four,97,idi,3.01,3.4,23.0,52.0,4800.0,37,46,7995.0,0.022968197879858657,0.7933515256760109,potencia baja,gama baja
2,94.0,volkswagen,gas,std,four,sedan,fwd,front,97.3,171.7,65.5,55.7,2212,ohc,four,109,mpfi,3.19,3.4,9.0,85.0,5250.0,27,34,8195.0,0.03842676311030741,0.8131977176879186,potencia baja,gama baja
2,94.0,volkswagen,gas,std,four,sedan,fwd,front,97.3,171.7,65.5,55.7,2275,ohc,four,109,mpfi,3.19,3.4,9.0,85.0,5250.0,27,34,8495.0,0.03736263736263736,0.8429670057057802,potencia baja,gama baja
2,94.0,volkswagen,diesel,turbo,four,sedan,fwd,front,97.3,171.7,65.5,55.7,2319,ohc,four,97,idi,3.01,3.4,23.0,68.0,4500.0,37,42,9495.0,0.029322984044846918,0.9421979657653188,potencia baja,gama baja
2,94.0,volkswagen,gas,std,four,sedan,fwd,front,97.3,171.7,65.5,55.7,2300,ohc,four,109,mpfi,3.19,3.4,10.0,100.0,5500.0,26,32,9995.0,0.043478260869565216,0.9918134457950881,potencia media,gama baja
3,122.0,volkswagen,gas,std,two,convertible,fwd,front,94.5,159.3,64.2,55.6,2254,ohc,four,109,mpfi,3.19,3.4,8.5,90.0,5500.0,24,29,11595.0,0.03992901508429459,1.1505829818903497,potencia baja,gama media
3,256.0,volkswagen,gas,std,two,hatchback,fwd,front,94.5,165.7,64.0,51.4,2221,ohc,four,109,mpfi,3.19,3.4,8.5,90.0,5500.0,24,29,9980.0,0.040522287257991896,0.990324981394195,potencia baja,gama baja
0,122.0,volkswagen,gas,std,four,sedan,fwd,front,100.4,180.2,66.9,55.1,2661,ohc,five,136,mpfi,3.19,3.4,8.5,110.0,5500.0,19,24,13295.0,0.04133784291619692,1.3192756139915653,potencia media,gama media
0,122.0,volkswagen,diesel,turbo,four,sedan,fwd,front,100.4,180.2,66.9,55.1,2579,ohc,four,97,idi,3.01,3.4,23.0,68.0,4500.0,33,38,13845.0,0.026366808840635907,1.3738526420243116,potencia baja,gama media
0,122.0,volkswagen,gas,std,four,wagon,fwd,front,100.4,183.1,66.9,55.1,2563,ohc,four,109,mpfi,3.19,3.4,9.0,88.0,5500.0,25,31,12290.0,0.034334763948497854,1.2195484991317291,potencia baja,gama media
-2,103.0,volvo,gas,std,four,sedan,rwd,front,104.3,188.8,67.2,56.2,2912,ohc,four,141,mpfi,3.78,3.15,9.5,114.0,5400.0,23,28,12940.0,0.03914835164835165,0.7163743425853695,potencia media,gama media
-1,74.0,volvo,gas,std,four,wagon,rwd,front,104.3,188.8,67.2,57.5,3034,ohc,four,141,mpfi,3.78,3.15,9.5,114.0,5400.0,23,28,13415.0,0.037574159525379035,0.7426709278039205,potencia media,gama media
-2,103.0,volvo,gas,std,four,sedan,rwd,front,104.3,188.8,67.2,56.2,2935,ohc,four,141,mpfi,3.78,3.15,9.5,114.0,5400.0,24,28,15985.0,0.03884156729131175,0.8849492941442915,potencia media,gama media
-1,74.0,volvo,gas,std,four,wagon,rwd,front,104.3,188.8,67.2,57.5,3042,ohc,four,141,mpfi,3.78,3.15,9.5,114.0,5400.0,24,28,16515.0,0.03747534516765286,0.9142907471249905,potencia media,gama media
-2,103.0,volvo,gas,turbo,four,sedan,rwd,front,104.3,188.8,67.2,56.2,3045,ohc,four,130,mpfi,3.62,3.15,7.5,162.0,5100.0,17,22,18420.0,0.053201970443349754,1.01975389415939,potencia alta,gama media
-1,74.0,volvo,gas,turbo,four,wagon,rwd,front,104.3,188.8,67.2,57.5,3157,ohc,four,130,mpfi,3.62,3.15,7.5,162.0,5100.0,17,22,18950.0,0.05131453911941717,1.049095347140089,potencia alta,gama media
-1,95.0,volvo,gas,std,four,sedan,rwd,front,109.1,188.8,68.9,55.5,2952,ohc,four,141,mpfi,3.78,3.15,9.5,114.0,5400.0,23,28,16845.0,0.03861788617886179,0.9325599536978786,potencia media,gama media
-1,95.0,volvo,gas,turbo,four,sedan,rwd,front,109.1,188.8,68.8,55.5,3049,ohc,four,141,mpfi,3.78,3.15,8.7,160.0,5300.0,19,25,19045.0,0.05247622171203673,1.054354664183799,potencia alta,gama media
-1,95.0,volvo,gas,std,four,sedan,rwd,front,109.1,188.8,68.9,55.5,3012,ohcv,six,173,mpfi,3.58,2.87,8.8,134.0,5500.0,18,23,21485.0,0.04448871181938911,1.189436070359093,potencia media,gama media
-1,95.0,volvo,diesel,turbo,four,sedan,rwd,front,109.1,188.8,68.9,55.5,3217,ohc,six,145,idi,3.01,3.4,23.0,106.0,4800.0,26,27,22470.0,0.032949953372707494,1.243966883917562,potencia media,gama media
-1,95.0,volvo,gas,turbo,four,sedan,rwd,front,109.1,188.8,68.9,55.5,3062,ohc,four,141,mpfi,3.78,3.15,9.5,114.0,5400.0,19,25,22625.0,0.037230568256041804,1.2525478748836154,potencia media,gama media
